{"cameraMode":{"drawMode":0,"name":"Shaded","section":"Shading Mode"},"sceneLighting":true,"audioPlay":false,"sceneViewState":{"showFog":true,"showMaterialUpdate":false,"showSkybox":true,"showFlares":true,"showImageEffects":true,"showParticleSystems":true},"in2DMode":false,"pivot":{"x":206.5992889404297,"y":568.7033081054688,"z":-108.20162963867188},"rotation":{"x":-0.14966581761837007,"y":-0.03203204274177551,"z":0.004851341247558594,"w":-0.9882064461708069},"size":221.78472900390626,"orthographic":false}