{"cameraMode":{"drawMode":0,"name":"Shaded","section":"Shading Mode"},"sceneLighting":true,"audioPlay":false,"sceneViewState":{"showFog":true,"showMaterialUpdate":false,"showSkybox":true,"showFlares":true,"showImageEffects":true,"showParticleSystems":true},"in2DMode":false,"pivot":{"x":1063.13623046875,"y":474.88018798828127,"z":64.03402709960938},"rotation":{"x":-0.02999500185251236,"y":-0.005701072048395872,"z":0.0001710803189780563,"w":-0.9995338320732117},"size":434.68878173828127,"orthographic":true}