{"cameraMode":{"drawMode":0,"name":"Shaded","section":"Shading Mode"},"sceneLighting":true,"audioPlay":false,"sceneViewState":{"showFog":true,"showMaterialUpdate":false,"showSkybox":true,"showFlares":true,"showImageEffects":true,"showParticleSystems":true},"in2DMode":false,"pivot":{"x":158.113037109375,"y":535.9406127929688,"z":6.9678497314453129},"rotation":{"x":0.03448662534356117,"y":-0.019487448036670686,"z":0.0006725614657625556,"w":0.9992157220840454},"size":272.2620849609375,"orthographic":true}