{"cameraMode":{"drawMode":0,"name":"Shaded","section":"Shading Mode"},"sceneLighting":true,"audioPlay":false,"sceneViewState":{"showFog":true,"showMaterialUpdate":false,"showSkybox":true,"showFlares":true,"showImageEffects":true,"showParticleSystems":true},"in2DMode":false,"pivot":{"x":8.683128356933594,"y":6.5814313888549809,"z":20.711061477661134},"rotation":{"x":-0.018785612657666208,"y":0.9436933398246765,"z":-0.32578110694885256,"w":-0.0544159933924675},"size":4.7877278327941898,"orthographic":false}