{"cameraMode":{"drawMode":0,"name":"Shaded","section":"Shading Mode"},"sceneLighting":true,"audioPlay":false,"sceneViewState":{"showFog":true,"showMaterialUpdate":false,"showSkybox":true,"showFlares":true,"showImageEffects":true,"showParticleSystems":true},"in2DMode":false,"pivot":{"x":2.6301040649414064,"y":-0.10480117797851563,"z":0.12520503997802735},"rotation":{"x":-0.14946863055229188,"y":0.8497470021247864,"z":-0.3767351508140564,"w":-0.3371347188949585},"size":10.876067161560059,"orthographic":false}