{"cameraMode":{"drawMode":0,"name":"Shaded","section":"Shading Mode"},"sceneLighting":true,"audioPlay":false,"sceneViewState":{"showFog":true,"showMaterialUpdate":false,"showSkybox":true,"showFlares":true,"showImageEffects":true,"showParticleSystems":true},"in2DMode":false,"pivot":{"x":-2.0537543296813967,"y":-2.698269844055176,"z":0.0030469968914985658},"rotation":{"x":-0.001395291998051107,"y":0.8559991121292114,"z":-0.5169703364372253,"w":-0.002310490235686302},"size":16.631855010986329,"orthographic":false}