{"cameraMode":{"drawMode":0,"name":"Shaded","section":"Shading Mode"},"sceneLighting":true,"audioPlay":false,"sceneViewState":{"showFog":true,"showMaterialUpdate":false,"showSkybox":true,"showFlares":true,"showImageEffects":true,"showParticleSystems":true},"in2DMode":false,"pivot":{"x":-2.3233962059020998,"y":-0.7043871879577637,"z":3.8126044273376467},"rotation":{"x":-0.011819794774055481,"y":-0.9010236859321594,"z":0.4329104721546173,"w":-0.024600891396403314},"size":9.325035095214844,"orthographic":false}