{"cameraMode":{"drawMode":0,"name":"Shaded","section":"Shading Mode"},"sceneLighting":true,"audioPlay":false,"sceneViewState":{"showFog":true,"showMaterialUpdate":false,"showSkybox":true,"showFlares":true,"showImageEffects":true,"showParticleSystems":true},"in2DMode":false,"pivot":{"x":1152.4967041015625,"y":469.75616455078127,"z":-98.98284912109375},"rotation":{"x":-0.2029508799314499,"y":-0.16305436193943025,"z":0.03429549187421799,"w":-0.9649083614349365},"size":848.88427734375,"orthographic":false}