{"cameraMode":{"drawMode":0,"name":"Shaded","section":"Shading Mode"},"sceneLighting":true,"audioPlay":false,"sceneViewState":{"showFog":true,"showMaterialUpdate":false,"showSkybox":true,"showFlares":true,"showImageEffects":true,"showParticleSystems":true},"in2DMode":false,"pivot":{"x":1.0496735572814942,"y":-0.4429970383644104,"z":11.916393280029297},"rotation":{"x":0.05274192988872528,"y":0.040742866694927219,"z":-0.0021533453837037088,"w":0.9977744221687317},"size":21.12518310546875,"orthographic":false}