{"cameraMode":{"drawMode":0,"name":"Shaded","section":"Shading Mode"},"sceneLighting":false,"audioPlay":false,"sceneViewState":{"showFog":true,"showMaterialUpdate":false,"showSkybox":true,"showFlares":true,"showImageEffects":true,"showParticleSystems":true},"in2DMode":false,"pivot":{"x":-0.7388200759887695,"y":2.0199999809265138,"z":0.5709228515625},"rotation":{"x":-0.055088918656110767,"y":0.8961732387542725,"z":-0.4246435761451721,"w":-0.1162610650062561},"size":8.88552188873291,"orthographic":false}