{"cameraMode":{"drawMode":0,"name":"Shaded","section":"Shading Mode"},"sceneLighting":false,"audioPlay":false,"sceneViewState":{"showFog":true,"showMaterialUpdate":false,"showSkybox":true,"showFlares":true,"showImageEffects":true,"showParticleSystems":true},"in2DMode":false,"pivot":{"x":-0.004813117906451225,"y":-0.01211925595998764,"z":-0.002487682271748781},"rotation":{"x":-0.051157038658857349,"y":0.8815333843231201,"z":-0.45894041657447817,"w":-0.09826301783323288},"size":0.04768317937850952,"orthographic":false}