{"cameraMode":{"drawMode":0,"name":"Shaded","section":"Shading Mode"},"sceneLighting":false,"audioPlay":false,"sceneViewState":{"showFog":true,"showMaterialUpdate":false,"showSkybox":true,"showFlares":true,"showImageEffects":true,"showParticleSystems":true},"in2DMode":false,"pivot":{"x":1.3395967483520508,"y":-0.15288925170898438,"z":0.9181327819824219},"rotation":{"x":-0.11286457628011704,"y":0.8850555419921875,"z":-0.28546497225761416,"w":-0.34992584586143496},"size":12.298648834228516,"orthographic":false}