{"cameraMode":{"drawMode":0,"name":"Shaded","section":"Shading Mode"},"sceneLighting":true,"audioPlay":false,"sceneViewState":{"showFog":true,"showMaterialUpdate":false,"showSkybox":true,"showFlares":true,"showImageEffects":true,"showParticleSystems":true},"in2DMode":false,"pivot":{"x":0.5370683073997498,"y":-3.846287727355957,"z":-1.1346778869628907},"rotation":{"x":0.009847288019955159,"y":0.9115984439849854,"z":-0.4103814661502838,"w":0.02187356911599636},"size":18.203227996826173,"orthographic":false}