{"cameraMode":{"drawMode":0,"name":"Shaded","section":"Shading Mode"},"sceneLighting":false,"audioPlay":false,"sceneViewState":{"showFog":true,"showMaterialUpdate":false,"showSkybox":true,"showFlares":true,"showImageEffects":true,"showParticleSystems":true},"in2DMode":false,"pivot":{"x":1.9539432525634766,"y":0.8500000238418579,"z":2.7983593940734865},"rotation":{"x":0.009847288019955159,"y":0.9115984439849854,"z":-0.4103814661502838,"w":0.02187356911599636},"size":4.530478477478027,"orthographic":false}