{"cameraMode":{"drawMode":0,"name":"Shaded","section":"Shading Mode"},"sceneLighting":false,"audioPlay":false,"sceneViewState":{"showFog":true,"showMaterialUpdate":false,"showSkybox":true,"showFlares":true,"showImageEffects":true,"showParticleSystems":true},"in2DMode":false,"pivot":{"x":-1.2891825437545777,"y":-6.152134895324707,"z":-0.6138829588890076},"rotation":{"x":-0.07195686548948288,"y":0.8498381972312927,"z":-0.5080443620681763,"w":-0.12036707252264023},"size":4.585359573364258,"orthographic":false}