{"cameraMode":{"drawMode":0,"name":"Shaded","section":"Shading Mode"},"sceneLighting":true,"audioPlay":false,"sceneViewState":{"showFog":true,"showMaterialUpdate":false,"showSkybox":true,"showFlares":true,"showImageEffects":true,"showParticleSystems":true},"in2DMode":false,"pivot":{"x":919.4905395507813,"y":595.7467651367188,"z":1114.7698974609375},"rotation":{"x":0.010189061053097248,"y":-0.005402253940701485,"z":-0.00005509885886567645,"w":-0.9999335408210754},"size":1566.1005859375,"orthographic":false}