{"cameraMode":{"drawMode":0,"name":"Shaded","section":"Shading Mode"},"sceneLighting":true,"audioPlay":false,"sceneViewState":{"showFog":true,"showMaterialUpdate":false,"showSkybox":true,"showFlares":true,"showImageEffects":true,"showParticleSystems":true},"in2DMode":false,"pivot":{"x":4.41469669342041,"y":-3.0344719886779787,"z":-0.02633523941040039},"rotation":{"x":-0.059845179319381717,"y":0.9025500416755676,"z":-0.4050145745277405,"w":-0.1333613395690918},"size":16.22852897644043,"orthographic":false}