{"cameraMode":{"drawMode":0,"name":"Shaded","section":"Shading Mode"},"sceneLighting":true,"audioPlay":false,"sceneViewState":{"showFog":true,"showMaterialUpdate":false,"showSkybox":true,"showFlares":true,"showImageEffects":true,"showParticleSystems":true},"in2DMode":false,"pivot":{"x":0.9230713844299316,"y":-7.372138977050781,"z":-3.0202484130859377},"rotation":{"x":0.0008201226009987295,"y":0.8902908563613892,"z":-0.4553889036178589,"w":0.0016034655272960663},"size":29.132125854492189,"orthographic":false}