{"cameraMode":{"drawMode":0,"name":"Shaded","section":"Shading Mode"},"sceneLighting":true,"audioPlay":false,"sceneViewState":{"showFog":true,"showMaterialUpdate":false,"showSkybox":true,"showFlares":true,"showImageEffects":true,"showParticleSystems":true},"in2DMode":false,"pivot":{"x":0.22370517253875733,"y":-6.635454177856445,"z":-3.985879898071289},"rotation":{"x":-0.007726917043328285,"y":0.8995175361633301,"z":-0.4365260601043701,"w":-0.015922173857688905},"size":29.132125854492189,"orthographic":false}