{"cameraMode":{"drawMode":0,"name":"Shaded","section":"Shading Mode"},"sceneLighting":true,"audioPlay":false,"sceneViewState":{"showFog":true,"showMaterialUpdate":false,"showSkybox":true,"showFlares":true,"showImageEffects":true,"showParticleSystems":true},"in2DMode":false,"pivot":{"x":-0.4285356104373932,"y":5.228074073791504,"z":2.0868186950683595},"rotation":{"x":0.002596534788608551,"y":0.9429558515548706,"z":-0.33282652497291567,"w":0.007356052286922932},"size":13.697635650634766,"orthographic":false}