{"cameraMode":{"drawMode":0,"name":"Shaded","section":"Shading Mode"},"sceneLighting":true,"audioPlay":false,"sceneViewState":{"showFog":true,"showMaterialUpdate":false,"showSkybox":true,"showFlares":true,"showImageEffects":true,"showParticleSystems":true},"in2DMode":false,"pivot":{"x":-20.3176212310791,"y":-9.028715133666993,"z":7.672889232635498},"rotation":{"x":-0.04465341195464134,"y":0.8535578846931458,"z":-0.5137520432472229,"w":-0.07418844848871231},"size":66.79924011230469,"orthographic":false}