{"cameraMode":{"drawMode":0,"name":"Shaded","section":"Shading Mode"},"sceneLighting":true,"audioPlay":false,"sceneViewState":{"showFog":true,"showMaterialUpdate":false,"showSkybox":true,"showFlares":true,"showImageEffects":true,"showParticleSystems":true},"in2DMode":false,"pivot":{"x":-3.644338607788086,"y":-6.202977657318115,"z":7.608776092529297},"rotation":{"x":-0.18668946623802186,"y":0.013849223032593727,"z":-0.0026315334253013136,"w":-0.9823201298713684},"size":28.57404327392578,"orthographic":false}