{"cameraMode":{"drawMode":0,"name":"Shaded","section":"Shading Mode"},"sceneLighting":true,"audioPlay":false,"sceneViewState":{"showFog":true,"showMaterialUpdate":false,"showSkybox":true,"showFlares":true,"showImageEffects":true,"showParticleSystems":true},"in2DMode":false,"pivot":{"x":0.9366829991340637,"y":12.5836181640625,"z":15.01422119140625},"rotation":{"x":-0.01092263963073492,"y":0.9215466976165772,"z":-0.38724660873413088,"w":-0.025993535295128824},"size":10.81009578704834,"orthographic":false}