{"cameraMode":{"drawMode":0,"name":"Shaded","section":"Shading Mode"},"sceneLighting":true,"audioPlay":false,"sceneViewState":{"showFog":true,"showMaterialUpdate":false,"showSkybox":true,"showFlares":true,"showImageEffects":true,"showParticleSystems":true},"in2DMode":false,"pivot":{"x":9.749326705932618,"y":-9.45793342590332,"z":-11.598833084106446},"rotation":{"x":0.11500594764947891,"y":0.8614406585693359,"z":-0.2248411476612091,"w":0.440621942281723},"size":32.967262268066409,"orthographic":false}