{"cameraMode":{"drawMode":1,"name":"Wireframe","section":"Shading Mode"},"sceneLighting":true,"audioPlay":false,"sceneViewState":{"showFog":true,"showMaterialUpdate":false,"showSkybox":true,"showFlares":true,"showImageEffects":true,"showParticleSystems":true},"in2DMode":false,"pivot":{"x":2.4887194633483888,"y":-0.0695333480834961,"z":-1.4352617263793946},"rotation":{"x":-0.033110156655311587,"y":0.9625115990638733,"z":-0.23127220571041108,"w":-0.13779829442501069},"size":11.366860389709473,"orthographic":false}