{"cameraMode":{"drawMode":0,"name":"Shaded","section":"Shading Mode"},"sceneLighting":true,"audioPlay":false,"sceneViewState":{"showFog":true,"showMaterialUpdate":false,"showSkybox":true,"showFlares":true,"showImageEffects":true,"showParticleSystems":true},"in2DMode":false,"pivot":{"x":151.35060119628907,"y":290.905517578125,"z":70.696533203125},"rotation":{"x":0.012025555595755577,"y":0.9758777022361755,"z":-0.21075694262981416,"w":0.05568167194724083},"size":1279.3575439453125,"orthographic":true}