{"cameraMode":{"drawMode":0,"name":"Shaded","section":"Shading Mode"},"sceneLighting":true,"audioPlay":false,"sceneViewState":{"showFog":true,"showMaterialUpdate":false,"showSkybox":true,"showFlares":true,"showImageEffects":true,"showParticleSystems":true},"in2DMode":false,"pivot":{"x":5.42318868637085,"y":-5.694223403930664,"z":-0.05102372169494629},"rotation":{"x":-0.0209871344268322,"y":0.958456814289093,"z":-0.27489209175109866,"w":-0.07317515462636948},"size":29.751270294189454,"orthographic":false}