{"cameraMode":{"drawMode":0,"name":"Shaded","section":"Shading Mode"},"sceneLighting":true,"audioPlay":false,"sceneViewState":{"showFog":true,"showMaterialUpdate":false,"showSkybox":true,"showFlares":true,"showImageEffects":true,"showParticleSystems":true},"in2DMode":false,"pivot":{"x":625.9413452148438,"y":339.2930603027344,"z":-46.73454284667969},"rotation":{"x":-0.12874656915664674,"y":0.05560046806931496,"z":-0.007230604067444801,"w":-0.9900924563407898},"size":1087.94873046875,"orthographic":false}