{"cameraMode":{"drawMode":0,"name":"Shaded","section":"Shading Mode"},"sceneLighting":true,"audioPlay":false,"sceneViewState":{"showFog":true,"showMaterialUpdate":false,"showSkybox":false,"showFlares":true,"showImageEffects":true,"showParticleSystems":true},"in2DMode":false,"pivot":{"x":1.8499994277954102,"y":2.1845688819885256,"z":6.079206943511963},"rotation":{"x":-0.01899869740009308,"y":0.933910608291626,"z":-0.3534577190876007,"w":-0.05019882321357727},"size":3.985358238220215,"orthographic":false}