{"cameraMode":{"drawMode":0,"name":"Shaded","section":"Shading Mode"},"sceneLighting":false,"audioPlay":false,"sceneViewState":{"showFog":true,"showMaterialUpdate":false,"showSkybox":false,"showFlares":true,"showImageEffects":true,"showParticleSystems":true},"in2DMode":false,"pivot":{"x":0.8088099956512451,"y":0.17564725875854493,"z":-0.06034892052412033},"rotation":{"x":0.07545264810323715,"y":0.702444851398468,"z":-0.07531245052814484,"w":0.70371413230896},"size":2.700057029724121,"orthographic":false}