{"cameraMode":{"drawMode":0,"name":"Shaded","section":"Shading Mode"},"sceneLighting":true,"audioPlay":false,"sceneViewState":{"showFog":true,"showMaterialUpdate":false,"showSkybox":false,"showFlares":true,"showImageEffects":true,"showParticleSystems":true},"in2DMode":false,"pivot":{"x":-0.009999999776482582,"y":1.0099999904632569,"z":0.0},"rotation":{"x":0.32913458347320559,"y":0.056062109768390658,"z":-0.01958395726978779,"w":0.9424224495887756},"size":3.9452340602874758,"orthographic":false}