{"cameraMode":{"drawMode":0,"name":"Shaded","section":"Shading Mode"},"sceneLighting":false,"audioPlay":false,"sceneViewState":{"showFog":true,"showMaterialUpdate":false,"showSkybox":false,"showFlares":true,"showImageEffects":true,"showParticleSystems":true},"in2DMode":false,"pivot":{"x":-0.9020034670829773,"y":1.607461929321289,"z":2.1584081649780275},"rotation":{"x":0.0008095424855127931,"y":0.8931497931480408,"z":-0.44976457953453066,"w":0.0016037138411775232},"size":14.354409217834473,"orthographic":false}