{"cameraMode":{"drawMode":0,"name":"Shaded","section":"Shading Mode"},"sceneLighting":true,"audioPlay":false,"sceneViewState":{"showFog":true,"showMaterialUpdate":false,"showSkybox":false,"showFlares":true,"showImageEffects":true,"showParticleSystems":true},"in2DMode":false,"pivot":{"x":8.556120872497559,"y":6.510780334472656,"z":21.058595657348634},"rotation":{"x":-0.019827766343951227,"y":0.7716308832168579,"z":-0.6353121399879456,"w":-0.024081477895379068},"size":28.20651626586914,"orthographic":false}